"DateTime","Icelandair Group Ver√∞ ","Icelandair Group Magn"
"2014-03-28 18:00:00",17.25
"2014-03-31 18:00:00",17.9,19265213
"2014-04-01 18:00:00",17.7,11728022
"2014-04-02 18:00:00",17.6,8809410
"2014-04-03 18:00:00",17.5,5786530
"2014-04-04 18:00:00",18,19534144
"2014-04-07 18:00:00",17.75,6037329
"2014-04-08 18:00:00",17.9,27223237
"2014-04-09 18:00:00",18.15,36991954
"2014-04-10 18:00:00",17.95,2210500
"2014-04-11 18:00:00",17.8,5307548
"2014-04-14 18:00:00",17.7,7151000
"2014-04-15 18:00:00",17.55,13240164
"2014-04-16 18:00:00",17.65,4131140
"2014-04-22 18:00:00",17.8,2318511
"2014-04-23 18:00:00",17.6,11761131
"2014-04-25 18:00:00",17.4,16416240
"2014-04-28 18:00:00",17.25,3118861
"2014-04-29 18:00:00",17,17304642
"2014-04-30 18:00:00",17.35,25076536
"2014-05-02 18:00:00",17,18767561
"2014-05-05 18:00:00",16.85,3906833
"2014-05-06 18:00:00",17,24061069
"2014-05-07 18:00:00",17.35,25821763
"2014-05-08 18:00:00",17.2,15972500
"2014-05-09 18:00:00",17.2,4711505
"2014-05-12 18:00:00",17,40797098
"2014-05-13 18:00:00",17,17808551
"2014-05-14 18:00:00",17.2,42880329
"2014-05-15 18:00:00",17.1,10961418
"2014-05-16 18:00:00",17.05,7567823
"2014-05-19 18:00:00",17.05,8549613
"2014-05-20 18:00:00",16.45,29968000
"2014-05-21 18:00:00",16.5,23076874
"2014-05-22 18:00:00",17.45,24312920
"2014-05-23 18:00:00",17.3,4260000
"2014-05-26 18:00:00",17.65,31508840
"2014-05-27 18:00:00",17.55,6698000
"2014-05-28 18:00:00",18,13724917
"2014-05-30 18:00:00",17.8,14858902
"2014-06-02 18:00:00",17.9,46597463
"2014-06-03 18:00:00",17.8,1992982
"2014-06-04 18:00:00",17.9,9537029
"2014-06-05 18:00:00",17.65,16432860
"2014-06-06 18:00:00",17.65,6019500
"2014-06-10 18:00:00",17.65,12508000
"2014-06-11 18:00:00",17.3,5280000
"2014-06-12 18:00:00",17.55,25400100
"2014-06-13 18:00:00",17.7,22518443
"2014-06-16 18:00:00",17.4,11403626
"2014-06-18 18:00:00",17.7,6448154
"2014-06-19 18:00:00",17.4,6875359
"2014-06-20 18:00:00",17.3,8460499
"2014-06-23 18:00:00",17.3,18433747
"2014-06-24 18:00:00",17.1,9028500
"2014-06-25 18:00:00",17.1,6363009
"2014-06-26 18:00:00",17.15,1502000
"2014-06-27 18:00:00",17.2,110358
"2014-06-30 18:00:00",17.1,10078810
"2014-07-01 18:00:00",17,22284000
"2014-07-02 18:00:00",16.87,10265000
"2014-07-03 18:00:00",16.85,58654
"2014-07-04 18:00:00",17,2300000
"2014-07-07 18:00:00",17.25,30891010
"2014-07-08 18:00:00",17.5,5318152
"2014-07-09 18:00:00",17.35,1215022
"2014-07-10 18:00:00",17.3,4461000
"2014-07-11 18:00:00",17.2,3541245
"2014-07-14 18:00:00",17.35,3714504
"2014-07-15 18:00:00",17.15,4680000
"2014-07-16 18:00:00",17.25,1700000
"2014-07-17 18:00:00",17.4,30000
"2014-07-18 18:00:00",17.2,888065
"2014-07-21 18:00:00",17.15,5289935
"2014-07-22 18:00:00",17.15,359489
"2014-07-23 18:00:00",17.2,235000
"2014-07-24 18:00:00",17.4,5481975
"2014-07-25 18:00:00",17.65,17047729
"2014-07-28 18:00:00",17.5,2687831
"2014-07-29 18:00:00",17.65,965976
"2014-07-30 18:00:00",17.7,6553672
"2014-07-31 18:00:00",18.1,38718538
"2014-08-01 18:00:00",18.6,32770000
"2014-08-05 18:00:00",18.55,3406500
"2014-08-06 18:00:00",18.7,21740957
"2014-08-07 18:00:00",18.85,17173644
"2014-08-08 18:00:00",18.7,11765176
"2014-08-11 18:00:00",18.75,195870
"2014-08-12 18:00:00",18.75,1709798
"2014-08-13 18:00:00",18.4,17180357
"2014-08-14 18:00:00",18.45,2746780
"2014-08-15 18:00:00",18.4,7610000
"2014-08-18 18:00:00",17.6,42690037
"2014-08-19 18:00:00",17.675,21328571
"2014-08-20 18:00:00",17.65,4741814
"2014-08-21 18:00:00",17.8,9191603
"2014-08-22 18:00:00",17.5,5518808
"2014-08-25 18:00:00",17.45,668198
"2014-08-26 18:00:00",17.45,3927500
"2014-08-27 18:00:00",17.4,15278636
"2014-08-28 18:00:00",17.35,1130000
"2014-08-29 18:00:00",17.75,27700000
"2014-09-01 18:00:00",18.1,16757674
"2014-09-02 18:00:00",18,3541634
"2014-09-03 18:00:00",17.85,28473600
"2014-09-04 18:00:00",17.9,4313000
"2014-09-05 18:00:00",17.85,7850000
"2014-09-08 18:00:00",18.1,14445646
"2014-09-09 18:00:00",18,10252868
"2014-09-10 18:00:00",17.6,14246918
"2014-09-11 18:00:00",17.75,59623054
"2014-09-12 18:00:00",17.6,2615000
"2014-09-15 18:00:00",17.3,17605270
"2014-09-16 18:00:00",17.2,18600000
"2014-09-17 18:00:00",17.3,722304
"2014-09-18 18:00:00",17.3,885367
"2014-09-19 18:00:00",17.25,2808000
"2014-09-22 18:00:00",17.4,36495635
"2014-09-23 18:00:00",17.8,22524480
"2014-09-24 18:00:00",17.5,11652275
"2014-09-25 18:00:00",17.4,2848671
"2014-09-26 18:00:00",17.4,2256006
"2014-09-29 18:00:00",17.35,1389082
"2014-09-30 18:00:00",17.35,4464155
"2014-10-01 18:00:00",17.4,14444328
"2014-10-02 18:00:00",17.5,2139346
"2014-10-03 18:00:00",17.5,1618439
"2014-10-06 18:00:00",17.7,4625000
"2014-10-07 18:00:00",17.9,20798823
"2014-10-08 18:00:00",17.85,8976387
"2014-10-09 18:00:00",17.9,5230120
"2014-10-10 18:00:00",17.65,13904887
"2014-10-13 18:00:00",17.8,4295600
"2014-10-14 18:00:00",17.65,5869343
"2014-10-15 18:00:00",17.4,18838132
"2014-10-16 18:00:00",17.4,21839835
"2014-10-17 18:00:00",17.525,7400000
"2014-10-20 18:00:00",17.5,252293
"2014-10-21 18:00:00",17.65,10999870
"2014-10-22 18:00:00",17.9,5086024
"2014-10-23 18:00:00",18.25,36260110
"2014-10-24 18:00:00",18.2,14654028
"2014-10-27 18:00:00",18.55,35220399
"2014-10-28 18:00:00",18.35,12755868
"2014-10-29 18:00:00",18.35,7614565
"2014-10-30 18:00:00",18.35,29876999
"2014-10-31 18:00:00",17.95,60405387
"2014-11-03 18:00:00",18,14009557
"2014-11-04 18:00:00",18.5,68365513
"2014-11-05 18:00:00",18.7,34103050
"2014-11-06 18:00:00",18.45,18830426
"2014-11-07 18:00:00",18.55,11723000
"2014-11-10 18:00:00",18.55,650000
"2014-11-11 18:00:00",18.35,8500000
"2014-11-12 18:00:00",18.37,2208500
"2014-11-13 18:00:00",18.5,1026206
"2014-11-14 18:00:00",18.45,7101635
"2014-11-17 18:00:00",18.75,56531306
"2014-11-18 18:00:00",19,28695049
"2014-11-19 18:00:00",19.025,2118852
"2014-11-20 18:00:00",19,19588347
"2014-11-21 18:00:00",19.05,47928463
"2014-11-24 18:00:00",18.95,5606025
"2014-11-25 18:00:00",18.95,11000000
"2014-11-26 18:00:00",18.9,13552000
"2014-11-27 18:00:00",19.15,14784674
"2014-11-28 18:00:00",19.6,45018800
"2014-12-01 18:00:00",19.8,20354529
"2014-12-02 18:00:00",19.8,2193500
"2014-12-03 18:00:00",19.775,761146
"2014-12-04 18:00:00",20.25,44255650
"2014-12-05 18:00:00",20.1,2207540
"2014-12-08 18:00:00",20.4,14258343
"2014-12-09 18:00:00",20.65,21655897
"2014-12-10 18:00:00",21.4,37213977
"2014-12-11 18:00:00",21.35,1867690
"2014-12-12 18:00:00",21.2,6302450
"2014-12-15 18:00:00",21.25,3554104
"2014-12-16 18:00:00",21.225,10643643
"2014-12-17 18:00:00",20.9,2178427
"2014-12-18 18:00:00",20.9,19686708
"2014-12-19 18:00:00",21.1,10882577
"2014-12-22 18:00:00",21.15,7479251
"2014-12-23 18:00:00",21.3,6320487
"2014-12-29 18:00:00",21.25,7570000
"2014-12-30 18:00:00",21.4,8593986
"2015-01-02 18:00:00",21.9,22179577
"2015-01-05 18:00:00",22.5,39883493
"2015-01-06 18:00:00",22.3,23000571
"2015-01-07 18:00:00",22.45,9201786
"2015-01-08 18:00:00",23,39609259
"2015-01-09 18:00:00",22.85,17679179
"2015-01-12 18:00:00",22.7,8228829
"2015-01-13 18:00:00",23.2,24181721
"2015-01-14 18:00:00",23.2,12384874
"2015-01-15 18:00:00",22.875,20873303
"2015-01-16 18:00:00",22.825,2943035
"2015-01-19 18:00:00",22.6,12871847
"2015-01-20 18:00:00",22.85,11033444
"2015-01-21 18:00:00",22.7,18756851
"2015-01-22 18:00:00",22.85,12850867
"2015-01-23 18:00:00",22.9,2299199
"2015-01-26 18:00:00",22.85,1509366
"2015-01-27 18:00:00",23,17268508
"2015-01-28 18:00:00",23.1,13854205
"2015-01-29 18:00:00",23.15,1646788
"2015-01-30 18:00:00",22.95,16898900
"2015-02-02 18:00:00",22.9,5466149
"2015-02-03 18:00:00",23,1555357
"2015-02-04 18:00:00",22.85,6566205
"2015-02-05 18:00:00",23.1,12238000
"2015-02-06 18:00:00",21.7,69639731
"2015-02-09 18:00:00",21.55,14931557
"2015-02-10 18:00:00",21.2,9363122
"2015-02-11 18:00:00",21.7,7494244
"2015-02-12 18:00:00",21.6,6765758
"2015-02-13 18:00:00",21.5,9487727
"2015-02-16 18:00:00",21.45,390698
"2015-02-17 18:00:00",21.15,8561000
"2015-02-18 18:00:00",20.95,37449154
"2015-02-19 18:00:00",21.2,26758781
"2015-02-20 18:00:00",21.05,7391060
"2015-02-23 18:00:00",21.175,3500000
"2015-02-24 18:00:00",21.25,2026480
"2015-02-25 18:00:00",21.3,119215
"2015-02-26 18:00:00",21.2,14514534
"2015-02-27 18:00:00",21.15,8771000
"2015-03-02 18:00:00",21.35,10052717
"2015-03-03 18:00:00",21.7,11580020
"2015-03-04 18:00:00",22,14161839
"2015-03-05 18:00:00",22,10517590
"2015-03-06 18:00:00",21.8,21366300
"2015-03-09 18:00:00",22.1,4001955
"2015-03-10 18:00:00",22.1,10057717
"2015-03-11 18:00:00",22.1,2225487
"2015-03-12 18:00:00",21.8,6847706
"2015-03-13 18:00:00",21.8,15274704
"2015-03-16 18:00:00",21.75,561198
"2015-03-17 18:00:00",21.75,5639555
"2015-03-18 18:00:00",21.9,351000
"2015-03-19 18:00:00",21.7,13207423
"2015-03-20 18:00:00",21.6,4500000
"2015-03-23 18:00:00",21.4,9605000
"2015-03-24 18:00:00",21.5,4907324
"2015-03-25 18:00:00",21.15,15836099
"2015-03-26 18:00:00",21.05,2825000
"2015-03-27 18:00:00",21,7848586
"2015-03-30 18:00:00",20.95,3738970
"2015-03-31 18:00:00",21.1,2243089
"2015-04-01 18:00:00",21,13425000
"2015-04-07 18:00:00",21,1063524
"2015-04-08 18:00:00",21.45,17345880
"2015-04-09 18:00:00",21.325,1952569
"2015-04-10 18:00:00",21.35,1020711
"2015-04-13 18:00:00",21.25,15408000
"2015-04-14 18:00:00",21.2,4942467
"2015-04-15 18:00:00",21.4,2909719
"2015-04-16 18:00:00",21.35,2053398
"2015-04-17 18:00:00",21.2,22488903
"2015-04-20 18:00:00",21.3,19982831
"2015-04-21 18:00:00",21.21,5989518
"2015-04-22 18:00:00",21.3,5411993
"2015-04-24 18:00:00",21.4,33701192
"2015-04-27 18:00:00",21.325,3393226
"2015-04-28 18:00:00",21.25,3382824
"2015-04-29 18:00:00",21.35,12618681
"2015-04-30 18:00:00",21.625,38163897
"2015-05-04 18:00:00",21.7,2341350
"2015-05-05 18:00:00",21.65,10631000
"2015-05-06 18:00:00",21.7,7735060
"2015-05-07 18:00:00",21.7,3000000
"2015-05-08 18:00:00",21.5,4343360
"2015-05-11 18:00:00",21.9,21713330
"2015-05-12 18:00:00",22.25,11127407
"2015-05-13 18:00:00",22.4,1023000
"2015-05-15 18:00:00",22.5,24503500
"2015-05-18 18:00:00",22.4,5952112
"2015-05-19 18:00:00",23.05,31184114
"2015-05-20 18:00:00",22.8,12870547
"2015-05-21 18:00:00",22.8,14401398
"2015-05-22 18:00:00",22.6,10083592
"2015-05-26 18:00:00",23,32222620
"2015-05-27 18:00:00",23.8,27092234
"2015-05-28 18:00:00",23.75,9118650
"2015-05-29 18:00:00",23.55,22650844
"2015-06-01 18:00:00",23.55,1295307
"2015-06-02 18:00:00",23.85,7832165
"2015-06-03 18:00:00",24.05,74091669
"2015-06-04 18:00:00",24.05,22156669
"2015-06-05 18:00:00",24.1,8543000
"2015-06-08 18:00:00",24.55,30576273
"2015-06-09 18:00:00",24.6,22557748
"2015-06-10 18:00:00",24.3,23003150
"2015-06-11 18:00:00",24.3,10580662
"2015-06-12 18:00:00",24.35,5240000
"2015-06-15 18:00:00",24.55,7252841
"2015-06-16 18:00:00",24.4,14880000
"2015-06-18 18:00:00",24.45,11006134
"2015-06-19 18:00:00",24.45,2468390
"2015-06-22 18:00:00",24.35,2560000
"2015-06-23 18:00:00",24.5,3887072
"2015-06-24 18:00:00",24.55,6786400
"2015-06-25 18:00:00",24.65,4098228
"2015-06-26 18:00:00",24.75,11400992
"2015-06-29 18:00:00",24.7,4121076
"2015-06-30 18:00:00",24.95,28066500
"2015-07-01 18:00:00",25,7677460
"2015-07-02 18:00:00",24.95,14261670
"2015-07-03 18:00:00",24.8,9048506
"2015-07-06 18:00:00",24.8,3000000
"2015-07-07 18:00:00",25.15,22511201
"2015-07-08 18:00:00",25.1,5580000
"2015-07-09 18:00:00",25.3,14400556
"2015-07-10 18:00:00",25.3,704657
"2015-07-13 18:00:00",25.3,111621
"2015-07-14 18:00:00",25.15,1700000
"2015-07-15 18:00:00",25.2,3230777
"2015-07-16 18:00:00",25.2,10275677
"2015-07-17 18:00:00",25.15,2282436
"2015-07-20 18:00:00",25.05,12905000
"2015-07-21 18:00:00",25.1,2096091
"2015-07-22 18:00:00",25.25,132718
"2015-07-23 18:00:00",25.2,1229208
"2015-07-24 18:00:00",25.2,27336000
"2015-07-27 18:00:00",25.3,2173986
"2015-07-28 18:00:00",25.85,11416052
"2015-07-29 18:00:00",26.25,22138700
"2015-07-30 18:00:00",26.45,4379584
"2015-07-31 18:00:00",26.2,8722024
"2015-08-04 18:00:00",26.25,11502000
"2015-08-05 18:00:00",26.3,3357703
"2015-08-06 18:00:00",26.2,3872550
"2015-08-07 18:00:00",26.2,8429454
"2015-08-10 18:00:00",26.4,1210884
"2015-08-11 18:00:00",26.25,4369645
"2015-08-12 18:00:00",26.25,29903890
"2015-08-13 18:00:00",26.45,25013615
"2015-08-14 18:00:00",26.75,676976
"2015-08-17 18:00:00",26.85,22379000
"2015-08-18 18:00:00",26.65,6744575
"2015-08-19 18:00:00",27.25,10413000
"2015-08-20 18:00:00",28,38770498
"2015-08-21 18:00:00",27.85,12554521
"2015-08-24 18:00:00",27.15,49389359
"2015-08-25 18:00:00",27.8,26510027
"2015-08-26 18:00:00",27.75,16035878
"2015-08-27 18:00:00",28.25,12457976
"2015-08-28 18:00:00",28.2,5938957
"2015-08-31 18:00:00",27.95,22996837
"2015-09-01 18:00:00",28.1,20142551
"2015-09-02 18:00:00",27.9,513941
"2015-09-03 18:00:00",28.1,1364921
"2015-09-04 18:00:00",28.5,8282634
"2015-09-07 18:00:00",28.95,23235175
"2015-09-08 18:00:00",29.7,33641780
"2015-09-09 18:00:00",29.65,17646617
"2015-09-10 18:00:00",29.8,486748
"2015-09-11 18:00:00",29.8,1794210
"2015-09-14 18:00:00",29.7,11757066
"2015-09-15 18:00:00",29.5,722631
"2015-09-16 18:00:00",29.75,16736690
"2015-09-17 18:00:00",29.8,3523500
"2015-09-18 18:00:00",29.65,4387313
"2015-09-21 18:00:00",29.7,8010286
"2015-09-22 18:00:00",29.6,17012000
"2015-09-23 18:00:00",30,19466647
"2015-09-24 18:00:00",30,14495725
"2015-09-25 18:00:00",30.1,6926202
"2015-09-28 18:00:00",30.1,10613651
"2015-09-29 18:00:00",30.05,2920333
"2015-09-30 18:00:00",30,2704279
"2015-10-01 18:00:00",30.35,7162150
"2015-10-02 18:00:00",30.7,42173046
"2015-10-05 18:00:00",31,1621497
"2015-10-06 18:00:00",30.85,2431192
"2015-10-07 18:00:00",31.35,31701325
"2015-10-08 18:00:00",31.25,3719689
"2015-10-09 18:00:00",31.45,12102336
"2015-10-12 18:00:00",31.4,3730329
"2015-10-13 18:00:00",31.7,13549790
"2015-10-14 18:00:00",31.95,22020268
"2015-10-15 18:00:00",31.9,163200
"2015-10-16 18:00:00",32.1,14471619
"2015-10-19 18:00:00",32,11128742
"2015-10-20 18:00:00",32.25,10454297
"2015-10-21 18:00:00",32,4623410
"2015-10-22 18:00:00",32.15,12208147
"2015-10-23 18:00:00",32.375,15001948
"2015-10-26 18:00:00",33.55,52351478
"2015-10-27 18:00:00",33.7,18875615
"2015-10-28 18:00:00",34.05,11405671
"2015-10-29 18:00:00",34.25,16486972
"2015-10-30 18:00:00",34.5,23231910
"2015-11-02 18:00:00",34.2,11190180
"2015-11-03 18:00:00",34.1,20008491
"2015-11-04 18:00:00",34.65,40141856
"2015-11-05 18:00:00",34.65,32815578
"2015-11-06 18:00:00",34.5,25629419
"2015-11-09 18:00:00",34.5,6107019
"2015-11-10 18:00:00",34.55,3871443
"2015-11-11 18:00:00",33.45,28816601
"2015-11-12 18:00:00",33.45,18918086
"2015-11-13 18:00:00",34.2,38412538
"2015-11-16 18:00:00",33.6,5621500
"2015-11-17 18:00:00",33.15,19977245
"2015-11-18 18:00:00",33,18514500
"2015-11-19 18:00:00",32.65,13981085
"2015-11-20 18:00:00",32.85,2299776
"2015-11-23 18:00:00",33.3,27657500
"2015-11-24 18:00:00",31.95,65155991
"2015-11-25 18:00:00",31.6,78998340
"2015-11-26 18:00:00",32,17348300
"2015-11-27 18:00:00",32,1211000
"2015-11-30 18:00:00",31.95,10350800
"2015-12-01 18:00:00",31.8,1720886
"2015-12-02 18:00:00",32,7981870
"2015-12-03 18:00:00",32.7,19004243
"2015-12-04 18:00:00",32.85,13200600
"2015-12-07 18:00:00",33,6085150
"2015-12-08 18:00:00",33.9,12685128
"2015-12-09 18:00:00",34.05,3039620
"2015-12-10 18:00:00",33.825,3946400
"2015-12-11 18:00:00",34,3431834
"2015-12-14 18:00:00",34.75,56699919
"2015-12-15 18:00:00",34.5,5778786
"2015-12-16 18:00:00",35,23014445
"2015-12-17 18:00:00",35.2,11094474
"2015-12-18 18:00:00",35,1891189
"2015-12-21 18:00:00",35.1,8122109
"2015-12-22 18:00:00",35.15,2486153
"2015-12-23 18:00:00",35.25,7776000
"2015-12-28 18:00:00",34.95,4711848
"2015-12-29 18:00:00",34.9,3389700
"2015-12-30 18:00:00",35.4,19204216
"2016-01-04 18:00:00",35.95,31730037
"2016-01-05 18:00:00",36.35,29263877
"2016-01-06 18:00:00",37.1,55767612
"2016-01-07 18:00:00",36.65,21009539
"2016-01-08 18:00:00",36.75,24092684
"2016-01-11 18:00:00",35.8,14310832
"2016-01-12 18:00:00",35.8,23961968
"2016-01-13 18:00:00",35.35,21578150
"2016-01-14 18:00:00",33.9,36500937
"2016-01-15 18:00:00",32.65,41637412
"2016-01-18 18:00:00",32.7,54008021
"2016-01-19 18:00:00",33.9,29431616
"2016-01-20 18:00:00",33.3,29616287
"2016-01-21 18:00:00",33.95,18600839
"2016-01-22 18:00:00",34.8,18945675
"2016-01-25 18:00:00",34.55,19285500
"2016-01-26 18:00:00",34.8,24211276
"2016-01-27 18:00:00",34.45,6047831
"2016-01-28 18:00:00",34.25,8065150
"2016-01-29 18:00:00",34.35,4675000
"2016-02-01 18:00:00",34.7,14928924
"2016-02-02 18:00:00",34.95,7575343
"2016-02-03 18:00:00",34.6,8661676
"2016-02-04 18:00:00",34.6,5819700
"2016-02-05 18:00:00",34.2,11018041
"2016-02-08 18:00:00",32.9,33456018
"2016-02-09 18:00:00",35.15,92885423
"2016-02-10 18:00:00",35.7,72900674
"2016-02-11 18:00:00",35.15,10913332
"2016-02-12 18:00:00",34.85,22273862
"2016-02-15 18:00:00",34.45,30108135
"2016-02-16 18:00:00",34.55,12204963
"2016-02-17 18:00:00",35.025,24079184
"2016-02-18 18:00:00",34.9,26482704
"2016-02-19 18:00:00",35.05,255700
"2016-02-22 18:00:00",35.3,19010500
"2016-02-23 18:00:00",35.9,24277297
"2016-02-24 18:00:00",35.55,33661991
"2016-02-25 18:00:00",36.05,27975913
"2016-02-26 18:00:00",36.95,28582900
"2016-02-29 18:00:00",37,20296157
"2016-03-01 18:00:00",37.3,19085656
"2016-03-02 18:00:00",37.2,10895516
"2016-03-03 18:00:00",37.375,3468500
"2016-03-04 18:00:00",37.3,4375383
"2016-03-07 18:00:00",37.5,24267867
"2016-03-08 18:00:00",37.65,21232112
"2016-03-09 18:00:00",37.65,7490238
"2016-03-10 18:00:00",37.9,10639621
"2016-03-11 18:00:00",37.35,15177696
"2016-03-14 18:00:00",37.7,6021500
"2016-03-15 18:00:00",38.35,29600733
"2016-03-16 18:00:00",37.75,20033100
"2016-03-17 18:00:00",37.75,13814263
"2016-03-18 18:00:00",37.95,1123795
"2016-03-21 18:00:00",37.75,5879342
"2016-03-22 18:00:00",37.2,14817000
"2016-03-23 18:00:00",37.1,3278060
"2016-03-29 18:00:00",37,1176695
"2016-03-30 18:00:00",37.5,17676105
"2016-03-31 18:00:00",37.55,12201333
"2016-04-01 18:00:00",37.7,5039650
"2016-04-04 18:00:00",37.45,9960600
"2016-04-05 18:00:00",37.2,21768519
"2016-04-06 18:00:00",37.2,20866825
"2016-04-07 18:00:00",37.3,2715959
"2016-04-08 18:00:00",37.8,2913827
"2016-04-11 18:00:00",37.625,9301255
"2016-04-12 18:00:00",37.8,9644307
"2016-04-13 18:00:00",38,20845879
"2016-04-14 18:00:00",38.2,3145209
"2016-04-15 18:00:00",38.4,17276874
"2016-04-18 18:00:00",38.2,6201121
"2016-04-19 18:00:00",38.1,6719295
"2016-04-20 18:00:00",37.95,4780571
"2016-04-22 18:00:00",38.1,16179748
"2016-04-25 18:00:00",38.15,2979552
"2016-04-26 18:00:00",38.3,9119200
"2016-04-27 18:00:00",38.5,29674783
"2016-04-28 18:00:00",38.9,27621595
"2016-04-29 18:00:00",36,102258124
"2016-05-02 18:00:00",34.75,44013845
"2016-05-03 18:00:00",35.45,43374260
"2016-05-04 18:00:00",35.85,29689176
"2016-05-06 18:00:00",36.4,27312308
"2016-05-09 18:00:00",36.3,3792347
"2016-05-10 18:00:00",35.6,8066892
"2016-05-11 18:00:00",34.95,10669550
"2016-05-12 18:00:00",34.9,36257940
"2016-05-13 18:00:00",34.65,5348098
"2016-05-17 18:00:00",33.7,28026006
"2016-05-18 18:00:00",33.3,39704593
"2016-05-19 18:00:00",32.95,20322898
"2016-05-20 18:00:00",32.55,31344388
"2016-05-23 18:00:00",33,47688725
"2016-05-24 18:00:00",33.4,22107470
"2016-05-25 18:00:00",32.75,18871495
"2016-05-26 18:00:00",32.7,5346798
"2016-05-27 18:00:00",32.75,10523078
"2016-05-30 18:00:00",33.2,36022500
"2016-05-31 18:00:00",33.2,13089657
"2016-06-01 18:00:00",32.6,9301680
"2016-06-02 18:00:00",32.35,8891775
"2016-06-03 18:00:00",31.9,20457727
"2016-06-06 18:00:00",31.05,26386027
"2016-06-07 18:00:00",31.8,11834901
"2016-06-08 18:00:00",30.85,32374410
"2016-06-09 18:00:00",31,5173727
"2016-06-10 18:00:00",31.3,26478516
"2016-06-13 18:00:00",31,3365109
"2016-06-14 18:00:00",31.1,2717534
"2016-06-15 18:00:00",31.75,7517548
"2016-06-16 18:00:00",32.3,24113913
"2016-06-20 18:00:00",32.65,13712258
"2016-06-21 18:00:00",32.85,12666588
"2016-06-22 18:00:00",32.6,5219286
"2016-06-23 18:00:00",33,8548700
"2016-06-24 18:00:00",31,21783236
"2016-06-27 18:00:00",29.85,33788744
"2016-06-28 18:00:00",31,9509049
"2016-06-29 18:00:00",31,13376082
"2016-06-30 18:00:00",31.25,2858374
"2016-07-01 18:00:00",31.35,8080938
"2016-07-04 18:00:00",31,9059056
"2016-07-05 18:00:00",31.3,5402471
"2016-07-06 18:00:00",30.6,19147973
"2016-07-07 18:00:00",30.75,8379487
"2016-07-08 18:00:00",31.1,4441500
"2016-07-11 18:00:00",31.8,10486876
"2016-07-12 18:00:00",32.05,25377500
"2016-07-13 18:00:00",32.7,30452587
"2016-07-14 18:00:00",32.9,5483530
"2016-07-15 18:00:00",32.8,3593494
"2016-07-18 18:00:00",32.8,1427391
"2016-07-19 18:00:00",32.3,6151000
"2016-07-20 18:00:00",32.45,7988768
"2016-07-21 18:00:00",31.9,11089200
"2016-07-22 18:00:00",31.55,6136300
"2016-07-25 18:00:00",31.45,4361000
"2016-07-26 18:00:00",30.8,17748927
"2016-07-27 18:00:00",30.35,8120900
"2016-07-28 18:00:00",27.9,45143525
"2016-07-29 18:00:00",27.45,21051342
"2016-08-02 18:00:00",28.1,7812737
"2016-08-03 18:00:00",28.75,22249131
"2016-08-04 18:00:00",28.5,28193829
"2016-08-05 18:00:00",27.9,17355930
"2016-08-08 18:00:00",27.35,14207386
"2016-08-09 18:00:00",27.25,35995702
"2016-08-10 18:00:00",27.2,11851400
"2016-08-11 18:00:00",27.2,1781950
"2016-08-12 18:00:00",27.3,12643685
"2016-08-15 18:00:00",27.6,15815670
"2016-08-16 18:00:00",27.6,13345000
"2016-08-17 18:00:00",27.05,19352800
"2016-08-18 18:00:00",26.9,12286760
"2016-08-19 18:00:00",26.85,66296466
"2016-08-22 18:00:00",27,1698400
"2016-08-23 18:00:00",26.9,403000
"2016-08-24 18:00:00",27.7,23399000
"2016-08-25 18:00:00",26.9,18356108
"2016-08-26 18:00:00",26.5,10603000
"2016-08-29 18:00:00",25.6,16423828
"2016-08-30 18:00:00",26,20456292
"2016-08-31 18:00:00",26.5,43279271
"2016-09-01 18:00:00",27.1,21496744
"2016-09-02 18:00:00",27.15,24695590
"2016-09-05 18:00:00",26.55,15678320
"2016-09-06 18:00:00",26.2,8876675
"2016-09-07 18:00:00",25.85,13587990
"2016-09-08 18:00:00",25.9,26946797
"2016-09-09 18:00:00",27.15,84237016
"2016-09-12 18:00:00",27.35,33895181
"2016-09-13 18:00:00",26.95,5170541
"2016-09-14 18:00:00",26.9,17750088
"2016-09-15 18:00:00",27,5569534
"2016-09-16 18:00:00",26.75,4532133
"2016-09-19 18:00:00",26.6,12271381
"2016-09-20 18:00:00",26.45,6953342
"2016-09-21 18:00:00",26.2,5597821
"2016-09-22 18:00:00",25.95,9777800
"2016-09-23 18:00:00",26.2,6469534
"2016-09-26 18:00:00",25.7,29388234
"2016-09-27 18:00:00",25.3,24987109
"2016-09-28 18:00:00",25.35,18327284
"2016-09-29 18:00:00",24.55,27671941
"2016-09-30 18:00:00",23.35,56685536
"2016-10-03 18:00:00",24.35,40843611
"2016-10-04 18:00:00",25.45,53460492
"2016-10-05 18:00:00",26,63039506
"2016-10-06 18:00:00",26.2,24184052
"2016-10-07 18:00:00",26.15,14621683
"2016-10-10 18:00:00",26.525,48843822
"2016-10-11 18:00:00",26.1,2878000
"2016-10-12 18:00:00",25.8,11540856
"2016-10-13 18:00:00",25.25,17000000
"2016-10-14 18:00:00",25.25,3775725
"2016-10-17 18:00:00",25,16100803
"2016-10-18 18:00:00",24.4,13051734
"2016-10-19 18:00:00",24.7,22850521
"2016-10-20 18:00:00",25.1,18422842
"2016-10-21 18:00:00",24.5,18339592
"2016-10-24 18:00:00",24.5,14852800
"2016-10-25 18:00:00",24.85,16733599
"2016-10-26 18:00:00",24.9,20344941
"2016-10-27 18:00:00",24.4,22928840
"2016-10-28 18:00:00",24.4,47545519
"2016-10-31 18:00:00",24.2,50957053
"2016-11-01 18:00:00",24.05,9080653
"2016-11-02 18:00:00",23.7,19880229
"2016-11-03 18:00:00",24,15310449
"2016-11-04 18:00:00",23.8,2460488
"2016-11-07 18:00:00",23.9,5253178
"2016-11-08 18:00:00",23.65,3179520
"2016-11-09 18:00:00",23.35,27474375
"2016-11-10 18:00:00",23.65,3249515
"2016-11-11 18:00:00",24.4,35546581
"2016-11-14 18:00:00",23.9,5441500
"2016-11-15 18:00:00",23.3,15503956
"2016-11-16 18:00:00",23.4,5028337
"2016-11-17 18:00:00",23.45,4379950
"2016-11-18 18:00:00",23.55,9341564
"2016-11-21 18:00:00",23.5,2105000
"2016-11-22 18:00:00",23.5,18095275
"2016-11-23 18:00:00",23.85,8937714
"2016-11-24 18:00:00",24.15,21056289
"2016-11-25 18:00:00",24.05,4092530
"2016-11-28 18:00:00",24.25,9201237
"2016-11-29 18:00:00",24.45,18571876
"2016-11-30 18:00:00",23.95,34019879
"2016-12-01 18:00:00",23.85,12575600
"2016-12-02 18:00:00",23.5,4336996
"2016-12-05 18:00:00",23.3,1977815
"2016-12-06 18:00:00",23.65,7062494
"2016-12-07 18:00:00",23.5,8402912
"2016-12-08 18:00:00",23.65,28685954
"2016-12-09 18:00:00",23.75,16506883
"2016-12-12 18:00:00",23.2,12066742
"2016-12-13 18:00:00",23.2,207128
"2016-12-14 18:00:00",23.5,11219920
"2016-12-15 18:00:00",22.95,12740000
"2016-12-16 18:00:00",23.1,21741121
"2016-12-19 18:00:00",23.25,8998623
"2016-12-20 18:00:00",23.3,6982959
"2016-12-21 18:00:00",23.85,13093133
"2016-12-22 18:00:00",23.85,7194100
"2016-12-23 18:00:00",23.9,391800
"2016-12-27 18:00:00",23.55,657932
"2016-12-28 18:00:00",23.05,11549751
"2016-12-29 18:00:00",23.1,19696905
"2016-12-30 18:00:00",23.1,9921291
"2017-01-02 18:00:00",23.525,16267605
"2017-01-03 18:00:00",23.25,14258220
"2017-01-04 18:00:00",23,15959300
"2017-01-05 18:00:00",22.65,40584102
"2017-01-06 18:00:00",22.35,6737000
"2017-01-09 18:00:00",22,15124852
"2017-01-10 18:00:00",22.1,8258993
"2017-01-11 18:00:00",22.25,36004516
"2017-01-12 18:00:00",21.85,8438500
"2017-01-13 18:00:00",22,12671973
"2017-01-16 18:00:00",22,4415250
"2017-01-17 18:00:00",21.55,5473682
"2017-01-18 18:00:00",21.3,13114016
"2017-01-19 18:00:00",21.85,18398734
"2017-01-20 18:00:00",22.65,77062053
"2017-01-23 18:00:00",22.7,23160850
"2017-01-24 18:00:00",23.275,30499107
"2017-01-25 18:00:00",23.4,13918346
"2017-01-26 18:00:00",22.9,15683751
"2017-01-27 18:00:00",22.8,18200000
"2017-01-30 18:00:00",22.025,16165600
"2017-01-31 18:00:00",22.1,1375250
"2017-02-01 18:00:00",16.8,81730195
"2017-02-02 18:00:00",16.2,66288652
"2017-02-03 18:00:00",15.95,24851615
"2017-02-06 18:00:00",15.65,12285670
"2017-02-07 18:00:00",15,31598110
"2017-02-08 18:00:00",14.85,38387830
"2017-02-09 18:00:00",15.5,50791530
"2017-02-10 18:00:00",16.1,65679640
"2017-02-13 18:00:00",16.025,93806688
"2017-02-14 18:00:00",15.7,59226111
"2017-02-15 18:00:00",15.9,14197950
"2017-02-16 18:00:00",16.4,40024554
"2017-02-17 18:00:00",16.8,86763125
"2017-02-20 18:00:00",16.8,19844367
"2017-02-21 18:00:00",16.45,8062854
"2017-02-22 18:00:00",16.3,16629155
"2017-02-23 18:00:00",15.75,34869210
"2017-02-24 18:00:00",15.5,15237998
"2017-02-27 18:00:00",15.05,39000812
"2017-02-28 18:00:00",14.9,6089383
"2017-03-01 18:00:00",14.94,72224443
"2017-03-02 18:00:00",15,21958052
"2017-03-03 18:00:00",15.25,29782515
"2017-03-06 18:00:00",14.8,13305067
"2017-03-07 18:00:00",14.41,49470841
"2017-03-08 18:00:00",14.085,11540358
"2017-03-09 18:00:00",13.94,9105361
"2017-03-10 18:00:00",13.75,10640242
"2017-03-13 18:00:00",14.14,16516175
"2017-03-14 18:00:00",14.29,10359389
"2017-03-15 18:00:00",14.25,7939676
"2017-03-16 18:00:00",14,3432000
"2017-03-17 18:00:00",14.3,38777041
"2017-03-20 18:00:00",14.2,10303900
"2017-03-21 18:00:00",14.17,272721
"2017-03-22 18:00:00",14.2,23658300
"2017-03-23 18:00:00",14.6,33681028
"2017-03-24 18:00:00",14.58,11344907
"2017-03-27 18:00:00",14.4,1356948
"2017-03-28 18:00:00",14.43,2107120
"2017-03-29 18:00:00",14.4,840981
"2017-03-30 18:00:00",14.15,9675114
"2017-03-31 18:00:00",13.91,5815849
"2017-04-03 18:00:00",13.85,9126293
"2017-04-04 18:00:00",13.85,5714408
"2017-04-05 18:00:00",13.89,3852480
"2017-04-06 18:00:00",13.35,20434183
"2017-04-07 18:00:00",13.54,5252897
"2017-04-10 18:00:00",13.45,13182300
"2017-04-11 18:00:00",13.13,20868836
"2017-04-12 18:00:00",13.24,1960188
"2017-04-18 18:00:00",13.2,850000
"2017-04-19 18:00:00",13.24,8459849
"2017-04-21 18:00:00",13.2,1791500
"2017-04-24 18:00:00",13.55,24630910
"2017-04-25 18:00:00",13.49,26028500
"2017-04-26 18:00:00",13.35,3221083
"2017-04-27 18:00:00",13.19,15782745
"2017-04-28 18:00:00",14.26,70969238
"2017-05-02 18:00:00",14.3,3087300
"2017-05-03 18:00:00",14.26,7225200
"2017-05-04 18:00:00",14.7,18249277
"2017-05-05 18:00:00",15.6,79049957
"2017-05-08 18:00:00",16,40220587
"2017-05-09 18:00:00",16.125,28398501
"2017-05-10 18:00:00",16.15,9524200
"2017-05-11 18:00:00",16.15,16353132
"2017-05-12 18:00:00",15.85,31128760
"2017-05-15 18:00:00",15.35,16240700
"2017-05-16 18:00:00",15.2,3738148
"2017-05-17 18:00:00",15.3,10397770
"2017-05-18 18:00:00",14.99,14483534
"2017-05-19 18:00:00",14.25,22917952
"2017-05-22 18:00:00",13.65,15490854
"2017-05-23 18:00:00",13.7,10151617
"2017-05-24 18:00:00",13.7,3593600
"2017-05-26 18:00:00",13.75,13153000
"2017-05-29 18:00:00",13.42,11507000
"2017-05-30 18:00:00",13.45,23375532
"2017-05-31 18:00:00",13.41,10754968
"2017-06-01 18:00:00",13.33,5000000
"2017-06-02 18:00:00",13.19,46131750
"2017-06-06 18:00:00",13.2,6535250
"2017-06-07 18:00:00",13.58,30465047
"2017-06-08 18:00:00",13.8,21718116
"2017-06-09 18:00:00",13.92,9735500
"2017-06-12 18:00:00",13.85,13538393
"2017-06-13 18:00:00",14.17,17215310
"2017-06-14 18:00:00",14.34,20598025
"2017-06-15 18:00:00",14.48,20187281
"2017-06-16 18:00:00",14.44,4236500
"2017-06-19 18:00:00",14.55,20974367
"2017-06-20 18:00:00",15.15,28822000
"2017-06-21 18:00:00",15.5,40925254
"2017-06-22 18:00:00",15.25,27102919
"2017-06-23 18:00:00",14.97,10110870
"2017-06-26 18:00:00",14.48,10951866
"2017-06-27 18:00:00",14.55,20674287
"2017-06-28 18:00:00",14.25,8691911
"2017-06-29 18:00:00",14.36,8389000
"2017-06-30 18:00:00",14.5,35922000
"2017-07-03 18:00:00",14.16,14721168
"2017-07-04 18:00:00",14.2,18114843
"2017-07-05 18:00:00",14.45,4170500
"2017-07-06 18:00:00",14.5,18067543
"2017-07-07 18:00:00",15.05,54080032
"2017-07-10 18:00:00",15.7,36172583
"2017-07-11 18:00:00",16.05,69700502
"2017-07-12 18:00:00",16.05,18719920
"2017-07-13 18:00:00",15.95,17607247
"2017-07-14 18:00:00",15.85,2093290
"2017-07-17 18:00:00",15.85,3500
"2017-07-18 18:00:00",16.05,4193558
"2017-07-19 18:00:00",16.45,14853874
"2017-07-20 18:00:00",16.55,6280125
"2017-07-21 18:00:00",16.5,473557
"2017-07-24 18:00:00",16.5,2288986
"2017-07-25 18:00:00",16.5,8394795
"2017-07-26 18:00:00",16.4,7047977
"2017-07-27 18:00:00",16.15,25042092
"2017-07-28 18:00:00",14.9,58777981
"2017-07-31 18:00:00",14.42,27814854
"2017-08-01 18:00:00",13.95,40072400
"2017-08-02 18:00:00",14.23,21711866
"2017-08-03 18:00:00",14,12332000
"2017-08-04 18:00:00",14,5851647
"2017-08-08 18:00:00",13.8,3680500
"2017-08-09 18:00:00",14.2,4503000
"2017-08-10 18:00:00",14.2,11400
"2017-08-11 18:00:00",15.15,84180601
"2017-08-14 18:00:00",15.25,47598010
"2017-08-15 18:00:00",15.9,42967058
"2017-08-16 18:00:00",16,26016758
"2017-08-17 18:00:00",15.75,17480000
"2017-08-18 18:00:00",15.6,26213600
"2017-08-21 18:00:00",15.9,16988275
"2017-08-22 18:00:00",16.1,17501230
"2017-08-23 18:00:00",16.25,20290166
"2017-08-24 18:00:00",16.15,2110484
"2017-08-25 18:00:00",15.65,14852935
"2017-08-28 18:00:00",15.5,4086190
"2017-08-29 18:00:00",15.25,25347400
"2017-08-30 18:00:00",15.3,3000000
"2017-08-31 18:00:00",14.83,15324828
"2017-09-01 18:00:00",14.8,7533500
"2017-09-04 18:00:00",14.66,18405300
"2017-09-05 18:00:00",15.1,14424342
"2017-09-06 18:00:00",15.35,9947298
"2017-09-07 18:00:00",15.45,24155531
"2017-09-08 18:00:00",15.45,1146100
"2017-09-11 18:00:00",15.8,48272100
"2017-09-12 18:00:00",15.8,37210328
"2017-09-13 18:00:00",15.95,8577000
"2017-09-14 18:00:00",16,26333737
"2017-09-15 18:00:00",15.45,26657732
"2017-09-18 18:00:00",15.425,4179000
"2017-09-19 18:00:00",15.425,0
"2017-09-20 18:00:00",15.2,3342000
"2017-09-21 18:00:00",15.1,25058378
"2017-09-22 18:00:00",15.35,12308250
"2017-09-25 18:00:00",15.1,4020000
"2017-09-26 18:00:00",14.75,14453610
"2017-09-27 18:00:00",14.54,4239009
"2017-09-28 18:00:00",14.77,11300000
"2017-09-29 18:00:00",14.75,4858000
"2017-10-02 18:00:00",15,11589420
"2017-10-03 18:00:00",15.55,39894500
"2017-10-04 18:00:00",15.9,25702151
"2017-10-05 18:00:00",15.7,7146162
"2017-10-06 18:00:00",15.75,3125000
"2017-10-09 18:00:00",15.55,15584000
"2017-10-10 18:00:00",15.65,13400500
"2017-10-11 18:00:00",15.5,23395235
"2017-10-12 18:00:00",15.75,13464930
"2017-10-13 18:00:00",15.8,17564500
"2017-10-16 18:00:00",15.85,27457836
"2017-10-17 18:00:00",15.4,10641000
"2017-10-18 18:00:00",15.6,5253000
"2017-10-19 18:00:00",15.3,7940000
"2017-10-20 18:00:00",15.3,18389500
"2017-10-23 18:00:00",15,4041200
"2017-10-24 18:00:00",16.65,50801882
"2017-10-25 18:00:00",16.9,42433898
"2017-10-26 18:00:00",16.75,22725698
"2017-10-27 18:00:00",16.75,33498645
"2017-10-30 18:00:00",16.6,17534413
"2017-10-31 18:00:00",16.5,11079186
"2017-11-01 18:00:00",16.45,11425000
"2017-11-02 18:00:00",16.2,7303800
"2017-11-03 18:00:00",16.2,2181100
"2017-11-06 18:00:00",15.85,24310150
"2017-11-07 18:00:00",15.75,15972700
"2017-11-08 18:00:00",15.95,18339658
"2017-11-09 18:00:00",15.85,17107400
"2017-11-10 18:00:00",16.2,33477440
"2017-11-13 18:00:00",16.1,10537997
"2017-11-14 18:00:00",16.15,12307984
"2017-11-15 18:00:00",16.25,8639164
"2017-11-16 18:00:00",16.2,13076826
"2017-11-17 18:00:00",16.15,3846387
"2017-11-20 18:00:00",16,21033448
"2017-11-21 18:00:00",15.95,11815651
"2017-11-22 18:00:00",15.85,19768817
"2017-11-23 18:00:00",16,2236630
"2017-11-24 18:00:00",15.8,3354662
"2017-11-27 18:00:00",15.8,7820000
"2017-11-28 18:00:00",15.8,19288373
"2017-11-29 18:00:00",15.9,14024239
"2017-11-30 18:00:00",15.5,9255000
"2017-12-01 18:00:00",15.5,6490000
"2017-12-04 18:00:00",15.7,3122516
"2017-12-05 18:00:00",15.6,13500200
"2017-12-06 18:00:00",15.3,17552700
"2017-12-07 18:00:00",15.25,3955512
"2017-12-08 18:00:00",15.15,551088
"2017-12-11 18:00:00",15.15,9751529
"2017-12-12 18:00:00",15.05,600000
"2017-12-13 18:00:00",14.8,17458548
"2017-12-14 18:00:00",14.6,9597476
"2017-12-15 18:00:00",14.42,11542120
"2017-12-18 18:00:00",14.12,22535388
"2017-12-19 18:00:00",15.1,41785667
"2017-12-20 18:00:00",14.9,19343955
"2017-12-21 18:00:00",14.69,10117636
"2017-12-22 18:00:00",14.81,26302000
"2017-12-27 18:00:00",14.7,25153917
"2017-12-28 18:00:00",14.6,11590245
"2017-12-29 18:00:00",14.71,2672426
"2018-01-02 18:00:00",14.74,2096500
"2018-01-03 18:00:00",14.63,15844801
"2018-01-04 18:00:00",14.53,21564450
"2018-01-05 18:00:00",14.77,36877634
"2018-01-08 18:00:00",14.75,18726431
"2018-01-09 18:00:00",14.91,17560000
"2018-01-10 18:00:00",14.9,9205784
"2018-01-11 18:00:00",15.1,21187133
"2018-01-12 18:00:00",15.25,801000
"2018-01-15 18:00:00",15.05,1184626
"2018-01-16 18:00:00",15.15,5665000
"2018-01-17 18:00:00",15.85,30902680
"2018-01-18 18:00:00",16,81938200
"2018-01-19 18:00:00",16.45,35526499
"2018-01-22 18:00:00",16.55,20758105
"2018-01-23 18:00:00",16.4,5817300
"2018-01-24 18:00:00",16.2,26432500
"2018-01-25 18:00:00",16.25,14953266
"2018-01-26 18:00:00",16.1,21236096
"2018-01-29 18:00:00",15.85,12768517
"2018-01-30 18:00:00",16.125,19145000
"2018-01-31 18:00:00",16.3,23348864
"2018-02-01 18:00:00",16.45,6331300
"2018-02-02 18:00:00",16.15,20516300
"2018-02-05 18:00:00",15.85,3113284
"2018-02-06 18:00:00",15.65,45716126
"2018-02-07 18:00:00",15.8,29742321
"2018-02-08 18:00:00",15.8,21964464
"2018-02-09 18:00:00",16.05,23846226
"2018-02-12 18:00:00",15.9,50086526
"2018-02-13 18:00:00",15.55,37724968
"2018-02-14 18:00:00",15.8,44050756
"2018-02-15 18:00:00",15.75,10001140
"2018-02-16 18:00:00",16,47832091
"2018-02-19 18:00:00",16.3,31822514
"2018-02-20 18:00:00",16.1,24269399
"2018-02-21 18:00:00",16.15,20772935
"2018-02-22 18:00:00",16,8224947
"2018-02-23 18:00:00",16.05,21865968
"2018-02-26 18:00:00",15.975,11762500
"2018-02-27 18:00:00",15.6,8280600
"2018-02-28 18:00:00",16.05,34656000
"2018-03-01 18:00:00",15.95,3178000
"2018-03-02 18:00:00",15.95,11121665
"2018-03-05 18:00:00",16.2,15656332
"2018-03-06 18:00:00",16.25,14098499
"2018-03-07 18:00:00",15.95,25092662
"2018-03-08 18:00:00",15.75,19623232
"2018-03-09 18:00:00",15.65,10382641
"2018-03-12 18:00:00",15.35,11280232
"2018-03-13 18:00:00",15.2,15836737
"2018-03-14 18:00:00",15.35,26206232
"2018-03-15 18:00:00",15.45,15154724
"2018-03-16 18:00:00",15.5,19278186
"2018-03-19 18:00:00",15.35,4617635
"2018-03-20 18:00:00",15.15,3110077
"2018-03-21 18:00:00",15.2,27945407
"2018-03-22 18:00:00",15.2,11900000
"2018-03-23 18:00:00",15.05,7048267
"2018-03-26 18:00:00",14.6,29509186
"2018-03-27 18:00:00",14.8,13142959
"2018-03-28 18:00:00",14.58,30364473
"2018-04-03 18:00:00",14.53,360550
"2018-04-04 18:00:00",14.43,7851833
"2018-04-05 18:00:00",14.59,11150944
"2018-04-06 18:00:00",14.69,7289308
"2018-04-09 18:00:00",14.35,20853064
"2018-04-10 18:00:00",14.05,38898282
"2018-04-11 18:00:00",14,8336623
"2018-04-12 18:00:00",14.4,44189549
"2018-04-13 18:00:00",14.41,2314000
"2018-04-16 18:00:00",14.41,3621396
"2018-04-17 18:00:00",14.24,4001500
"2018-04-18 18:00:00",14.15,6377526
"2018-04-20 18:00:00",14.23,8556000
"2018-04-23 18:00:00",14.315,9779440
"2018-04-24 18:00:00",14.04,17668000
"2018-04-25 18:00:00",13.9,11921458
"2018-04-26 18:00:00",13.65,14768300
"2018-04-27 18:00:00",13.625,8717139
"2018-04-30 18:00:00",13.5,11651207
"2018-05-02 18:00:00",13.8,32101726
"2018-05-03 18:00:00",13.7,2863145
"2018-05-04 18:00:00",13.47,40560000
"2018-05-07 18:00:00",12.94,35367506
"2018-05-08 18:00:00",12.74,29157175
"2018-05-09 18:00:00",12.37,16624972
"2018-05-11 18:00:00",12.12,32752050
"2018-05-14 18:00:00",12.3,13537000
"2018-05-15 18:00:00",12.25,22476828
"2018-05-16 18:00:00",12.57,17279327
"2018-05-17 18:00:00",12.51,12948111
"2018-05-18 18:00:00",12.5,6996429
"2018-05-22 18:00:00",12.71,8490650
"2018-05-23 18:00:00",12.65,5336691
"2018-05-24 18:00:00",12.65,2970103
"2018-05-25 18:00:00",12.51,18682353
"2018-05-28 18:00:00",12.6,7020000
"2018-05-29 18:00:00",12.47,7158506
"2018-05-30 18:00:00",12.05,25606139
"2018-05-31 18:00:00",11.9,2041000
"2018-06-01 18:00:00",11.9,9050000
"2018-06-04 18:00:00",11.75,4223309
"2018-06-05 18:00:00",11.71,7528015
"2018-06-06 18:00:00",11.41,7071000
"2018-06-07 18:00:00",11.62,19492178
"2018-06-08 18:00:00",11.6,2583000
"2018-06-11 18:00:00",11.45,1146396
"2018-06-12 18:00:00",11.62,13263286
"2018-06-13 18:00:00",11.74,17000845
"2018-06-14 18:00:00",11.84,26910397
"2018-06-15 18:00:00",12.12,22754917
"2018-06-18 18:00:00",12.23,13993862
"2018-06-19 18:00:00",12.63,33385000
"2018-06-20 18:00:00",13.19,48773147
"2018-06-21 18:00:00",13.12,21796435
"2018-06-22 18:00:00",13.34,9934700
"2018-06-25 18:00:00",13,9634683
"2018-06-26 18:00:00",12.905,9242500
"2018-06-27 18:00:00",13.1,14071400
"2018-06-28 18:00:00",12.95,10066293
"2018-06-29 18:00:00",13,7702340
"2018-07-02 18:00:00",12.94,6425216
"2018-07-03 18:00:00",12.85,9121054
"2018-07-04 18:00:00",12.82,4019777
"2018-07-05 18:00:00",12.67,9307844
"2018-07-06 18:00:00",12.7,581601
"2018-07-09 18:00:00",9.57,62896873
"2018-07-10 18:00:00",9.8,45901076
"2018-07-11 18:00:00",9.7,5109387
"2018-07-12 18:00:00",9.7,4145800
"2018-07-13 18:00:00",9.57,10739250
"2018-07-16 18:00:00",9.46,6906013
"2018-07-17 18:00:00",9.28,13851500
"2018-07-18 18:00:00",8.98,18561113
"2018-07-19 18:00:00",9,23024611
"2018-07-20 18:00:00",8.99,8224741
"2018-07-23 18:00:00",9,60000
"2018-07-24 18:00:00",9,4064000
"2018-07-25 18:00:00",9,5392666
"2018-07-26 18:00:00",8.69,10676434
"2018-07-27 18:00:00",8.5,13720900
"2018-07-30 18:00:00",8.5,6264650
"2018-07-31 18:00:00",8.72,10077500
"2018-08-01 18:00:00",7.85,13924090
"2018-08-02 18:00:00",7.93,24335274
"2018-08-03 18:00:00",8.12,26069838
"2018-08-07 18:00:00",8.25,5467429
"2018-08-08 18:00:00",7.97,24614926
"2018-08-09 18:00:00",8.01,4750000
"2018-08-10 18:00:00",7.99,13416109
"2018-08-13 18:00:00",8.24,158662344
"2018-08-14 18:00:00",8.53,36003777
"2018-08-15 18:00:00",8.81,27507114
"2018-08-16 18:00:00",9.345,48245635
"2018-08-17 18:00:00",9.28,22741257
"2018-08-20 18:00:00",9.32,4780217
"2018-08-21 18:00:00",9.23,11918594
"2018-08-22 18:00:00",8.81,13420212
"2018-08-23 18:00:00",8.61,34103286
"2018-08-24 18:00:00",8.45,13990378
"2018-08-27 18:00:00",8.46,551500
"2018-08-28 18:00:00",7,66136546
"2018-08-29 18:00:00",7.1,19861548
"2018-08-30 18:00:00",7.21,14625518
"2018-08-31 18:00:00",7.1,10375341
"2018-09-03 18:00:00",7.12,4113902
"2018-09-04 18:00:00",7.14,35182000
"2018-09-05 18:00:00",7.19,12654306
"2018-09-06 18:00:00",7.2,13685455
"2018-09-07 18:00:00",7.38,20217293
"2018-09-10 18:00:00",7.49,4780635
"2018-09-11 18:00:00",8.22,64406849
"2018-09-12 18:00:00",8.22,76350317
"2018-09-13 18:00:00",7.84,55379482
"2018-09-14 18:00:00",7.53,34667043
"2018-09-17 18:00:00",7.53,4074733
"2018-09-18 18:00:00",7.3,14200738
"2018-09-19 18:00:00",7.315,42414218
"2018-09-20 18:00:00",7.25,14315000
"2018-09-21 18:00:00",7.15,8615727
"2018-09-24 18:00:00",6.99,8072512
"2018-09-25 18:00:00",6.78,10638472
"2018-09-26 18:00:00",6.89,6664525
"2018-09-27 18:00:00",6.93,2798300
"2018-09-28 18:00:00",6.84,3553506
"2018-10-01 18:00:00",6.65,10814176
"2018-10-02 18:00:00",6.68,12739162
"2018-10-03 18:00:00",6.64,14646800
"2018-10-04 18:00:00",6.7,5361386
"2018-10-05 18:00:00",6.64,4334705
"2018-10-08 18:00:00",6.53,4384315
"2018-10-09 18:00:00",6.65,5169350
"2018-10-10 18:00:00",6.76,10304182
"2018-10-11 18:00:00",6.54,9130381
"2018-10-12 18:00:00",6.68,10204850
"2018-10-15 18:00:00",6.65,4543500
"2018-10-16 18:00:00",6.77,3230000
"2018-10-17 18:00:00",6.9,19895982
"2018-10-18 18:00:00",6.94,20107500
"2018-10-19 18:00:00",6.94,2333325
"2018-10-22 18:00:00",6.81,3435924
"2018-10-23 18:00:00",6.82,7320000
"2018-10-24 18:00:00",6.92,24790000
"2018-10-25 18:00:00",6.86,2053958
"2018-10-26 18:00:00",6.94,2317500
"2018-10-29 18:00:00",6.82,3192700
"2018-10-30 18:00:00",6.67,10431630
"2018-10-31 18:00:00",7.16,76048547
"2018-11-01 18:00:00",7.35,30446249
"2018-11-02 18:00:00",7.9,55800627
"2018-11-05 18:00:00",11,92061058
"2018-11-06 18:00:00",10.89,98645282
"2018-11-07 18:00:00",11.3,74285724
"2018-11-08 18:00:00",10.89,22383900
"2018-11-09 18:00:00",11.4,109725554
"2018-11-12 18:00:00",11.5,41006785
"2018-11-13 18:00:00",12,34074719
"2018-11-14 18:00:00",12.25,36263672
"2018-11-15 18:00:00",12.09,28153500
"2018-11-16 18:00:00",12,4187203
"2018-11-19 18:00:00",12.08,823596
"2018-11-20 18:00:00",12.15,33263373
"2018-11-21 18:00:00",12.05,11149911
"2018-11-22 18:00:00",11.89,7758207
"2018-11-23 18:00:00",11.73,30754882
"2018-11-26 18:00:00",11.06,20522463
"2018-11-27 18:00:00",10.8,41398002
"2018-11-28 18:00:00",11.14,29354355
"2018-11-29 18:00:00",9.73,41452428
"2018-11-30 18:00:00",8.89,64581079
"2018-12-03 18:00:00",8.08,36771761
"2018-12-04 18:00:00",7.82,30327391
"2018-12-05 18:00:00",8.14,14348926
"2018-12-06 18:00:00",7.8,20939369
"2018-12-07 18:00:00",8.03,29265000
"2018-12-10 18:00:00",8.01,24179401
"2018-12-11 18:00:00",8.2,25403500
"2018-12-12 18:00:00",8.25,6453575
"2018-12-13 18:00:00",8.85,53907871
"2018-12-14 18:00:00",8.55,48741548
"2018-12-17 18:00:00",9,9925750
"2018-12-18 18:00:00",9.15,23813605
"2018-12-19 18:00:00",9.35,14600393
"2018-12-20 18:00:00",9.47,18910586
"2018-12-21 18:00:00",9.4,22859778
"2018-12-27 18:00:00",9.6,14532994
"2018-12-28 18:00:00",9.58,6307347
"2019-01-02 18:00:00",9.46,3180541
"2019-01-03 18:00:00",9.18,7108794
"2019-01-04 18:00:00",9.42,29122783
"2019-01-07 18:00:00",9.5,6861299
"2019-01-08 18:00:00",9.76,9760924
"2019-01-09 18:00:00",10.01,5837251
"2019-01-10 18:00:00",9.65,8698445
"2019-01-11 18:00:00",9.7,4842700
"2019-01-14 18:00:00",9.86,9000000
"2019-01-15 18:00:00",9.71,13719500
"2019-01-16 18:00:00",10,12654591
"2019-01-17 18:00:00",10.08,17226050
"2019-01-18 18:00:00",10.13,11764949
"2019-01-21 18:00:00",10.3,9138075
"2019-01-22 18:00:00",10.3,1990567
"2019-01-23 18:00:00",10.41,8780263
"2019-01-24 18:00:00",10.72,21055191
"2019-01-25 18:00:00",10.6,8944893
"2019-01-28 18:00:00",10.71,9507812
"2019-01-29 18:00:00",10.9,8565100
"2019-01-30 18:00:00",10.8,23360000
"2019-01-31 18:00:00",10.65,10361300
"2019-02-01 18:00:00",10.58,10978144
"2019-02-04 18:00:00",10.36,5984163
"2019-02-05 18:00:00",10.35,28495300
"2019-02-06 18:00:00",10.31,18504000
"2019-02-07 18:00:00",10.31,23362000
"2019-02-08 18:00:00",8.67,36214909
"2019-02-11 18:00:00",8.22,31179545
"2019-02-12 18:00:00",8.08,14861575
"2019-02-13 18:00:00",7.95,37922645
"2019-02-14 18:00:00",8.06,11161358
"2019-02-15 18:00:00",8.25,29398089
"2019-02-18 18:00:00",8.58,22747543
"2019-02-19 18:00:00",8.23,17040569
"2019-02-20 18:00:00",8.37,17544837
"2019-02-21 18:00:00",8.07,26223901
"2019-02-22 18:00:00",7.85,15039806
"2019-02-25 18:00:00",7.86,1554108
"2019-02-26 18:00:00",7.7,15056225
"2019-02-27 18:00:00",7.58,11121821
"2019-02-28 18:00:00",8.15,44125841
"2019-03-01 18:00:00",8.35,37718663
"2019-03-04 18:00:00",8.88,12050413
"2019-03-05 18:00:00",9.19,29178732
"2019-03-06 18:00:00",8.85,16270947
"2019-03-07 18:00:00",8.7,22041856
"2019-03-08 18:00:00",8.28,16783720
"2019-03-11 18:00:00",7.48,40871841
"2019-03-12 18:00:00",7.1,68557876
"2019-03-13 18:00:00",7.46,28990370
"2019-03-14 18:00:00",7.5,20587010
"2019-03-15 18:00:00",7.21,21500114
"2019-03-18 18:00:00",7.24,5150454
"2019-03-19 18:00:00",7.2,12947609
"2019-03-20 18:00:00",7.98,21040584
"2019-03-21 18:00:00",8.6,64628802
"2019-03-22 18:00:00",9.1,80851229
"2019-03-25 18:00:00",9,20521426
"2019-03-26 18:00:00",8.11,9571699
"2019-03-27 18:00:00",8.17,9040994
"2019-03-28 18:00:00",9.36,34114984
"2019-03-29 18:00:00",9.26,39046848